ltlw,a,ltw,toru,dtl,doortl,doortr,dtr,ltw,ltw,ltw,toru,ltw,ltrw
llw,,dftl,dfu,dfu,dfu,dfu,dfu,dfu,dfu,dfu,dfu,dftr,lrw
torl,a,dfl,a,a,f6,f3,f4skull,f3,f6,a,a,dfr,torr
llw,a,dfl,mosbull,a,f6,f,f,f,f6,mosbull,a,dfr,dru
llw,a,dfl,f6,f6,f6skull,f,fcand,f,f6skull,f6,f6,dfr,doorur
dlu,a,dfl,f3,f,f,fcand,f,fcand,f,f,f3,dfr,doorlr
doorul,a,dfl,f4skull,f,fcand,f,fboss1,f,fcand,f,f4skull,dfr,drl
doorll,a,dfl,f3,f,f,fcand,f,fcand,f,f,f3,dfr,lrw
dll,a,dfl,f6,f6,f6skull,f,fcand,f,f6skull,f6,f6,dfr,lrw
torl,a,dfl,a,a,f6,f,f,f,f6,a,a,dfr,lrw
dll,a,dfl,mosbull,a,f6,f3,f4skull,f3,f6,mosbull,a,dfr,torr
a,a,dfbl,dfd,dfd,dfd,dfd,dfd,dfd,dfd,dfd,dfd,dfbr,lrw
,a,a,a,a,a,a,a,f,f,a,a,a,lrw
lblw,,lbw,tord,lbw,lbw,lbw,dbl,doorbl,doorbr,dbr,tord,lbw,lbrw
